{
  "title": "📌 Direktori Channel & Thread",
  "color": "#60a5fa",
  "footer": "Pilih kanal yang sesuai, thread khusus di bawah.",
  "compact": 1,
  "buttons": 0,
  "sections": [
    {
      "title": "📺 Channel Utama",
      "items": [
        { "name": "{channel}", "id": "763793237394718744" },
        { "name": "{channel}", "id": "763813761814495252" },
        { "name": "{channel}", "id": "1293212357362716733" },
        { "name": "{channel}", "id": "1293200121063936052" },
        { "name": "{channel}", "id": "1293214587448983643" },
        { "name": "{channel}", "id": "1293199776824692766" },
        { "name": "{channel}", "id": "1293209320854388787" },
        { "name": "{channel}", "id": "1293199669249183917" },
        { "name": "{channel}", "id": "936684960482459759" }
      ]
    },
    {
      "title": "🎮 Thread Khusus Game Lain",
      "items": [
        { "name": "{channel}", "id": "1429675223761948853" },
        { "name": "{channel}", "id": "1429669041156526182" },
        { "name": "{channel}", "id": "1433066001666412554" },
        { "name": "{channel}", "id": "1430807785926426644" },
        { "name": "{channel}", "id": "1389138326698852432" },
        { "name": "{channel}", "id": "1403714881655668788" },
        { "name": "{channel}", "id": "1389136684012015777" },
        { "name": "{channel}", "id": "1400628733500723200" }
      ]
    },
    {
      "title": "🌊 Thread Khusus WuWa",
      "items": [
        { "name": "{channel}", "id": "1371827576112152667" },
        { "name": "{channel}", "id": "1372541073947361380" },
        { "name": "{channel}", "id": "1410182921129558137" }
      ]
    }
  ]
}
